TransactionID,Amount,Time,CardType,Merchant,Location,DeviceType,IsInternational,IsFraud
1,1878.96,57134,Debit,Paytm,Mumbai,iOS,0,0
2,4754.06,20491,Debit,Paytm,Chennai,Android,0,0
3,3662.65,1341,Credit,Paytm,Delhi,iOS,0,0
4,2997.31,44623,Debit,Paytm,Delhi,Android,0,0
5,788.53,338,Credit,Paytm,Bangalore,iOS,0,0
6,788.41,71431,Credit,Swiggy,Delhi,Web,0,0
7,299.84,12254,Debit,Myntra,Chennai,Web,0,0
8,4332.22,51860,Credit,Paytm,Bangalore,iOS,0,0
9,3009.56,11344,Debit,Flipkart,Bangalore,Web,0,0
10,3543.28,1750,Debit,Flipkart,Mumbai,Web,0,0
11,112.72,54756,Debit,Myntra,Mumbai,Web,0,0
12,4849.85,67957,Credit,Amazon,Delhi,Android,0,0
13,4163.89,58053,Debit,Amazon,Bangalore,Web,1,0
14,1069.57,70855,Credit,Amazon,Mumbai,Android,0,0
15,917.31,15896,Debit,Flipkart,Chennai,iOS,0,0
16,925.19,55761,Debit,Amazon,Mumbai,Web,0,0
17,1528.17,62552,Debit,Swiggy,Mumbai,Web,0,0
18,2628.53,77454,Credit,Paytm,Bangalore,Web,0,0
19,2165.41,27935,Credit,Flipkart,Bangalore,iOS,0,0
20,1463.23,37641,Credit,Myntra,Kolkata,Android,0,0
21,3063.15,29711,Debit,Myntra,Chennai,Android,1,0
22,706.07,70342,Debit,Paytm,Bangalore,Web,1,0
23,1467.8,12182,Credit,Flipkart,Delhi,iOS,0,0
24,1838.15,56276,Credit,Amazon,Chennai,iOS,0,1
25,2285.79,19541,Credit,Amazon,Chennai,iOS,0,0
26,3928.03,82310,Credit,Swiggy,Bangalore,iOS,0,0
27,1006.37,44813,Credit,Swiggy,Chennai,iOS,0,0
28,2576.03,37198,Credit,Amazon,Bangalore,Android,0,0
29,2966.15,8820,Debit,Myntra,Mumbai,Android,0,0
30,241.79,24070,Credit,Myntra,Kolkata,Android,0,0
31,3041.65,69768,Debit,Swiggy,Mumbai,Web,0,0
32,860.92,11122,Debit,Paytm,Bangalore,iOS,0,1
33,334.61,80559,Credit,Amazon,Bangalore,Web,0,1
34,4744.94,73543,Credit,Swiggy,Mumbai,iOS,0,0
35,4828.5,83441,Debit,Swiggy,Delhi,Android,0,0
36,4043.9,41786,Credit,Amazon,Delhi,Web,0,0
37,1530.02,6737,Credit,Amazon,Delhi,Android,0,0
38,497.38,36062,Debit,Myntra,Bangalore,iOS,0,0
39,3424.32,54237,Debit,Paytm,Chennai,iOS,0,0
40,2206.36,51571,Debit,Paytm,Bangalore,iOS,0,1
41,618.97,25510,Credit,Amazon,Chennai,Android,1,0
42,2480.93,19426,Debit,Flipkart,Mumbai,iOS,0,0
43,181.6,37265,Credit,Swiggy,Kolkata,Android,1,0
44,4547.51,17850,Debit,Swiggy,Chennai,Web,0,0
45,1301.31,66150,Debit,Amazon,Delhi,iOS,0,0
46,3315.99,74910,Debit,Flipkart,Bangalore,iOS,0,0
47,1565.44,52375,Credit,Myntra,Mumbai,iOS,0,0
48,2605.14,35435,Credit,Amazon,Delhi,Web,1,0
49,2738.08,57132,Debit,Amazon,Mumbai,iOS,0,0
50,932.42,78945,Debit,Swiggy,Kolkata,Android,0,0
51,4848.23,82050,Debit,Amazon,Bangalore,Android,0,0
52,3877.91,2983,Credit,Amazon,Bangalore,iOS,0,0
53,4698.1,20662,Debit,Amazon,Kolkata,iOS,0,0
54,4475.19,23510,Credit,Swiggy,Bangalore,Web,0,0
55,2993.52,78187,Debit,Myntra,Chennai,Web,0,0
56,4610.15,40998,Debit,Myntra,Mumbai,Web,0,1
57,451.58,56846,Debit,Amazon,Delhi,iOS,0,0
58,987.95,6640,Debit,Swiggy,Kolkata,Web,0,0
59,235.68,44547,Debit,Myntra,Chennai,Web,0,0
60,1633.4,54620,Debit,Myntra,Delhi,Android,0,0
61,1949.5,15317,Credit,Myntra,Delhi,Web,0,0
62,1364.03,7564,Debit,Swiggy,Kolkata,Android,0,0
63,4145.4,27345,Credit,Swiggy,Chennai,Android,0,0
64,1790.2,79273,Debit,Amazon,Delhi,Web,0,0
65,1411.86,74859,Debit,Paytm,Delhi,Android,1,0
66,2718.05,80765,Credit,Myntra,Chennai,iOS,0,0
67,713.21,74038,Debit,Paytm,Bangalore,iOS,0,0
68,4012.96,52393,Credit,Swiggy,Delhi,Web,0,0
69,382.01,66081,Credit,Swiggy,Mumbai,iOS,0,0
70,4934.57,29430,Debit,Swiggy,Chennai,Android,0,0
71,3863.5,75532,Credit,Paytm,Delhi,iOS,1,0
72,1001.59,27788,Credit,Swiggy,Kolkata,Web,0,0
73,37.56,48543,Debit,Amazon,Mumbai,Web,0,0
74,4079.15,13919,Credit,Swiggy,Delhi,Android,0,0
75,3537.22,69346,Debit,Flipkart,Mumbai,Web,0,0
76,3647.75,39974,Debit,Paytm,Mumbai,iOS,0,0
77,3858.64,16371,Debit,Flipkart,Bangalore,Web,0,0
78,379.48,45084,Debit,Swiggy,Mumbai,Android,0,0
79,1798.74,29629,Credit,Amazon,Bangalore,Web,0,0
80,588.19,51184,Debit,Myntra,Chennai,iOS,0,0
81,4316.89,61916,Debit,Swiggy,Bangalore,Android,0,0
82,3120.26,73972,Credit,Amazon,Kolkata,iOS,0,0
83,1661.18,62187,Debit,Paytm,Delhi,Android,0,0
84,327.16,12984,Debit,Flipkart,Chennai,Web,0,0
85,1561.8,33039,Credit,Flipkart,Chennai,Android,0,0
86,1632.66,85431,Credit,Flipkart,Kolkata,Android,0,0
87,3650.73,83691,Credit,Paytm,Bangalore,Web,1,0
88,3191.41,58606,Credit,Amazon,Delhi,iOS,0,0
89,4437.19,10616,Credit,Paytm,Bangalore,Web,0,0
90,2366.35,50072,Credit,Flipkart,Mumbai,Android,0,0
91,606.78,24574,Credit,Swiggy,Bangalore,Web,0,0
92,3569.09,3430,Debit,Myntra,Chennai,Android,0,0
93,3806.32,12676,Credit,Paytm,Delhi,Web,0,0
94,2810.77,10816,Credit,Paytm,Bangalore,Web,0,0
95,3857.13,32733,Credit,Amazon,Delhi,iOS,0,0
96,2474.04,85680,Debit,Amazon,Delhi,Android,0,0
97,2618.44,2050,Debit,Paytm,Mumbai,iOS,0,0
98,2143.43,33933,Credit,Flipkart,Mumbai,Android,1,0
99,136.84,24951,Credit,Myntra,Chennai,Web,0,0
100,548.38,32413,Credit,Amazon,Kolkata,Android,0,0
101,166.83,34801,Debit,Flipkart,Delhi,iOS,0,0
102,3185.69,55619,Debit,Swiggy,Kolkata,iOS,0,0
103,1578.64,32913,Credit,Amazon,Chennai,iOS,1,0
104,2547.77,40600,Debit,Flipkart,Delhi,Android,0,0
105,4538.76,57775,Credit,Flipkart,Delhi,iOS,0,0
106,1253.97,35400,Debit,Myntra,Kolkata,iOS,0,0
107,2057.81,4494,Debit,Myntra,Bangalore,iOS,0,0
108,3780.2,80688,Credit,Swiggy,Mumbai,Web,0,0
109,1151.7,74691,Credit,Flipkart,Bangalore,Web,0,0
110,394.13,43001,Credit,Flipkart,Kolkata,Android,0,0
111,1455.86,67364,Credit,Myntra,Mumbai,Android,0,0
112,814.49,45028,Debit,Amazon,Bangalore,iOS,0,0
113,4649.19,37573,Debit,Amazon,Mumbai,Web,0,0
114,4042.52,806,Debit,Paytm,Delhi,iOS,0,0
115,3170.68,56638,Credit,Myntra,Bangalore,iOS,0,0
116,4358.59,29757,Debit,Paytm,Mumbai,Web,0,0
117,4020.32,34636,Credit,Myntra,Mumbai,Web,0,0
118,940.98,80097,Debit,Swiggy,Mumbai,Web,0,0
119,4463.87,48280,Credit,Flipkart,Bangalore,Android,0,0
120,2701.32,24262,Credit,Swiggy,Chennai,Android,0,0
121,4039.13,80435,Debit,Myntra,Bangalore,iOS,0,0
122,4481.5,62211,Credit,Flipkart,Kolkata,Android,0,0
123,1596.84,54842,Credit,Amazon,Bangalore,Web,0,0
124,559.16,56979,Debit,Amazon,Mumbai,Web,0,0
125,1147.4,81470,Credit,Paytm,Delhi,Android,0,0
126,2141.27,38197,Credit,Myntra,Bangalore,iOS,0,0
127,4091.89,41844,Credit,Myntra,Bangalore,iOS,0,0
128,4305.05,64754,Debit,Amazon,Mumbai,Android,0,0
129,44.69,34157,Debit,Swiggy,Delhi,iOS,0,0
130,2558.63,77129,Credit,Flipkart,Delhi,iOS,0,0
131,2092.88,40042,Debit,Swiggy,Kolkata,iOS,0,0
132,1118.32,61665,Credit,Swiggy,Bangalore,Web,0,0
133,608.13,82856,Credit,Amazon,Delhi,Web,0,0
134,1694.7,27376,Credit,Amazon,Delhi,Android,0,0
135,4715.12,55554,Credit,Amazon,Chennai,Web,0,0
136,1622.78,14199,Credit,Paytm,Chennai,iOS,0,0
137,2598.77,81412,Debit,Swiggy,Delhi,Web,0,0
138,3518.06,50948,Credit,Myntra,Kolkata,Android,0,0
139,1824.51,73781,Debit,Flipkart,Delhi,Web,0,0
140,4859.19,72750,Debit,Paytm,Mumbai,iOS,1,0
141,4812.61,66262,Credit,Myntra,Bangalore,iOS,0,0
142,1266.39,46600,Credit,Swiggy,Kolkata,Android,0,0
143,2491.27,76898,Debit,Amazon,Mumbai,Web,0,0
144,1511.38,62483,Debit,Swiggy,Kolkata,Web,0,0
145,1431.35,18297,Debit,Flipkart,Mumbai,Web,1,0
146,194.07,30448,Credit,Paytm,Bangalore,iOS,0,0
147,3051.73,26172,Debit,Paytm,Bangalore,Android,0,0
148,2518.37,42874,Credit,Flipkart,Chennai,Web,0,0
149,266.88,7657,Credit,Myntra,Mumbai,iOS,0,0
150,1400.45,84386,Credit,Myntra,Chennai,iOS,0,0
151,4542.25,25425,Debit,Paytm,Mumbai,iOS,0,0
152,1205.41,26685,Credit,Paytm,Chennai,Web,1,0
153,733.03,24578,Credit,Amazon,Bangalore,Web,0,0
154,2452.37,28831,Credit,Myntra,Kolkata,Web,0,0
155,4928.4,7906,Credit,Flipkart,Chennai,Web,0,0
156,1217.86,61413,Credit,Myntra,Mumbai,Web,0,0
157,3363.96,54028,Debit,Amazon,Mumbai,Web,0,0
158,3810.48,7287,Credit,Paytm,Bangalore,Web,0,0
159,1195.81,33660,Credit,Paytm,Mumbai,Web,0,0
160,3643.8,75758,Debit,Amazon,Delhi,Web,0,0
161,1845.24,60504,Credit,Flipkart,Kolkata,iOS,0,1
162,3165.21,59720,Debit,Paytm,Chennai,Web,1,0
163,3171.31,34701,Credit,Swiggy,Kolkata,Android,0,0
164,2683.52,83300,Debit,Paytm,Bangalore,iOS,0,0
165,460.55,17674,Debit,Swiggy,Chennai,Web,0,0
166,4178.16,83560,Credit,Amazon,Chennai,Android,0,0
167,1610.69,23874,Credit,Amazon,Delhi,Web,0,0
168,940.73,43642,Credit,Paytm,Bangalore,Android,0,0
169,213.47,65160,Debit,Myntra,Mumbai,Android,0,0
170,2958.56,17602,Debit,Swiggy,Delhi,Android,0,0
171,3391.05,25931,Debit,Flipkart,Delhi,Android,0,0
172,92.77,29192,Credit,Paytm,Kolkata,iOS,0,0
173,2565.34,46542,Debit,Flipkart,Kolkata,iOS,0,0
174,1140.21,42520,Debit,Paytm,Kolkata,Android,0,0
175,3229.41,64772,Credit,Myntra,Delhi,Web,0,0
176,880.09,58762,Debit,Myntra,Mumbai,Android,0,0
177,3457.78,50106,Debit,Myntra,Chennai,iOS,0,0
178,1939.81,81121,Credit,Myntra,Kolkata,Web,0,0
179,4684.28,25559,Debit,Amazon,Mumbai,iOS,0,0
180,696.23,33742,Credit,Amazon,Bangalore,iOS,1,0
181,1711.92,69669,Credit,Swiggy,Kolkata,Web,0,0
182,576.23,80199,Credit,Flipkart,Chennai,Android,1,0
183,4624.22,21754,Credit,Paytm,Bangalore,Android,0,0
184,4387.92,3972,Credit,Paytm,Bangalore,Android,0,0
185,1297.13,70831,Debit,Amazon,Chennai,Android,0,0
186,3303.32,41873,Debit,Paytm,Kolkata,Web,0,0
187,4087.94,9903,Credit,Amazon,Delhi,Web,0,0
188,2780.45,3020,Credit,Swiggy,Chennai,Web,0,0
189,2652.96,41755,Debit,Flipkart,Chennai,iOS,1,0
190,1216.84,85956,Credit,Swiggy,Chennai,Web,0,0
191,474.58,45648,Credit,Myntra,Bangalore,Android,0,0
192,4487.11,9516,Credit,Myntra,Mumbai,iOS,0,0
193,4503.09,2396,Debit,Myntra,Delhi,Android,0,0
194,3169.18,84082,Debit,Swiggy,Kolkata,Android,0,0
195,1701.76,19129,Credit,Paytm,Kolkata,Web,0,0
196,1752.56,1591,Credit,Flipkart,Mumbai,Web,1,0
197,3632.52,11303,Debit,Myntra,Chennai,Android,0,0
198,4486.58,30561,Debit,Myntra,Delhi,Android,0,0
199,4436.56,71719,Credit,Myntra,Kolkata,iOS,0,0
200,3901.58,86231,Credit,Flipkart,Kolkata,Web,0,0
201,3213.74,7314,Debit,Myntra,Chennai,iOS,0,0
202,429.86,19623,Debit,Flipkart,Mumbai,iOS,0,0
203,816.53,67675,Debit,Myntra,Delhi,iOS,0,0
204,4493.79,65082,Credit,Swiggy,Mumbai,Android,0,0
205,3036.08,83624,Debit,Swiggy,Mumbai,iOS,0,0
206,55.89,33130,Credit,Flipkart,Delhi,iOS,1,1
207,516.34,51756,Debit,Swiggy,Delhi,Android,0,0
208,3320.87,26292,Debit,Flipkart,Kolkata,Web,0,0
209,35.26,86206,Debit,Swiggy,Kolkata,Web,0,0
210,812.43,69274,Debit,Swiggy,Delhi,iOS,0,1
211,2748.18,2469,Credit,Flipkart,Bangalore,Android,0,1
212,3462.56,53947,Credit,Paytm,Kolkata,Web,0,0
213,3263.29,22534,Debit,Swiggy,Bangalore,iOS,0,0
214,1129.1,63620,Credit,Myntra,Delhi,iOS,0,0
215,3563.77,48874,Debit,Paytm,Kolkata,Android,0,0
216,1193.87,49708,Debit,Flipkart,Mumbai,iOS,0,0
217,1633.74,74553,Debit,Paytm,Delhi,Web,0,0
218,3734.99,68344,Debit,Amazon,Chennai,Android,0,0
219,3251.67,49138,Credit,Amazon,Bangalore,Web,0,0
220,4247.62,54302,Debit,Swiggy,Delhi,Web,0,0
221,3291.49,47638,Debit,Swiggy,Delhi,Web,0,0
222,2845.86,78249,Credit,Myntra,Kolkata,iOS,1,0
223,477.44,2719,Debit,Paytm,Kolkata,iOS,0,0
224,1844.9,22890,Debit,Amazon,Kolkata,Web,1,0
225,1333.36,77236,Debit,Swiggy,Chennai,Web,0,0
226,1227.51,36509,Credit,Paytm,Kolkata,Android,0,0
227,4865.32,42534,Debit,Swiggy,Delhi,Android,0,0
228,1971.56,18787,Credit,Swiggy,Kolkata,iOS,1,0
229,4461.31,48845,Debit,Amazon,Mumbai,iOS,0,0
230,3159.38,57932,Debit,Amazon,Kolkata,Android,0,0
231,3976.11,33062,Credit,Swiggy,Chennai,Web,0,0
232,2518.16,75713,Debit,Flipkart,Mumbai,iOS,0,0
233,2888.75,60461,Debit,Swiggy,Delhi,Web,0,0
234,2467.66,75418,Credit,Swiggy,Delhi,Android,0,0
235,984.26,66672,Credit,Myntra,Bangalore,iOS,0,0
236,3615.04,34832,Credit,Myntra,Mumbai,iOS,0,0
237,1411.05,31966,Credit,Myntra,Bangalore,Android,0,0
238,131.34,72545,Credit,Flipkart,Mumbai,iOS,0,0
239,3230.91,12987,Debit,Flipkart,Mumbai,Android,0,0
240,893.78,37311,Credit,Swiggy,Chennai,iOS,0,0
241,4702.89,31575,Debit,Myntra,Bangalore,Android,0,0
242,4770.1,63852,Debit,Flipkart,Chennai,iOS,0,0
243,4575.17,1007,Debit,Amazon,Mumbai,Web,0,0
244,1857.09,70981,Credit,Swiggy,Delhi,Web,0,0
245,87.13,76242,Credit,Paytm,Mumbai,Web,0,0
246,4642.31,47517,Debit,Swiggy,Chennai,iOS,0,0
247,2146.64,29257,Credit,Paytm,Bangalore,iOS,0,0
248,4833.61,42207,Credit,Myntra,Bangalore,Web,0,0
249,4818.46,13281,Credit,Paytm,Chennai,Web,0,0
250,4266.52,61246,Credit,Myntra,Bangalore,Android,1,0
251,1479.3,1435,Debit,Amazon,Kolkata,Android,0,1
252,1931.64,26660,Debit,Paytm,Delhi,Android,0,0
253,4257.17,5084,Credit,Swiggy,Delhi,Web,0,0
254,1591.44,82197,Debit,Myntra,Delhi,Web,1,0
255,855.77,13507,Credit,Swiggy,Bangalore,Web,0,0
256,2788.44,72595,Credit,Flipkart,Bangalore,Android,0,0
257,4681.41,83807,Debit,Myntra,Mumbai,iOS,0,0
258,3483.19,45539,Debit,Paytm,Mumbai,Web,0,0
259,2854.61,7491,Debit,Myntra,Delhi,iOS,0,0
260,494.91,50192,Credit,Swiggy,Kolkata,iOS,0,1
261,3078.89,80395,Debit,Amazon,Mumbai,iOS,0,0
262,4950.37,63888,Credit,Myntra,Mumbai,Android,0,0
263,709.02,73609,Debit,Paytm,Bangalore,iOS,0,0
264,2596.46,9077,Debit,Flipkart,Kolkata,Web,0,0
265,4388.09,20953,Credit,Amazon,Delhi,Android,1,0
266,3706.44,76919,Credit,Flipkart,Mumbai,Web,0,0
267,3488.11,67889,Credit,Myntra,Kolkata,Web,0,0
268,3515.4,23821,Credit,Swiggy,Kolkata,Android,0,0
269,1803.86,37567,Credit,Swiggy,Delhi,Web,0,0
270,1475.02,24860,Credit,Paytm,Kolkata,Web,1,1
271,4048.71,21195,Credit,Swiggy,Kolkata,Android,0,0
272,4052.47,77475,Credit,Amazon,Kolkata,Web,0,0
273,4336.69,21427,Debit,Swiggy,Mumbai,iOS,0,0
274,4567.07,27083,Credit,Paytm,Delhi,Web,0,1
275,2561.6,57372,Credit,Myntra,Kolkata,iOS,0,0
276,2512.57,44064,Debit,Myntra,Kolkata,Web,0,0
277,3993.49,7813,Credit,Swiggy,Mumbai,Android,0,0
278,3253.32,31598,Debit,Flipkart,Delhi,Android,1,0
279,3512.81,27082,Debit,Myntra,Bangalore,Web,1,0
280,3981.01,29241,Credit,Swiggy,Mumbai,Android,0,0
281,4451.13,44569,Debit,Paytm,Delhi,Web,0,0
282,1696.6,11745,Credit,Swiggy,Kolkata,Android,0,0
283,1884.16,26029,Debit,Myntra,Delhi,iOS,0,0
284,478.97,13025,Debit,Paytm,Delhi,Web,0,0
285,2895.62,14288,Debit,Swiggy,Delhi,iOS,0,0
286,189.35,6540,Credit,Amazon,Bangalore,iOS,0,0
287,2333.33,81958,Credit,Paytm,Delhi,Web,0,0
288,2717.8,68878,Debit,Amazon,Bangalore,iOS,0,0
289,1439.84,41846,Debit,Flipkart,Kolkata,Web,0,0
290,2958.26,75932,Credit,Paytm,Bangalore,iOS,0,0
291,162.2,17482,Credit,Amazon,Kolkata,Web,0,0
292,196.37,23411,Debit,Myntra,Kolkata,Web,0,0
293,4114.78,50975,Debit,Myntra,Bangalore,Android,0,1
294,1807.35,60545,Credit,Flipkart,Mumbai,Web,0,0
295,644.03,78797,Credit,Paytm,Chennai,Web,0,0
296,2615.99,52307,Credit,Paytm,Delhi,iOS,0,0
297,3852.27,3093,Credit,Paytm,Chennai,Web,0,0
298,1086.95,77258,Credit,Flipkart,Delhi,Android,0,0
299,3118.22,22042,Debit,Paytm,Delhi,iOS,0,0
300,435.88,52930,Credit,Myntra,Kolkata,iOS,0,0
301,267.89,44413,Debit,Amazon,Delhi,Android,0,0
302,2661.46,33756,Credit,Myntra,Delhi,iOS,0,0
303,2707.77,53268,Debit,Myntra,Bangalore,iOS,1,0
304,3190.78,39214,Credit,Amazon,Chennai,iOS,1,0
305,3633.2,81871,Credit,Myntra,Bangalore,iOS,0,0
306,4879.5,28602,Debit,Flipkart,Delhi,Android,0,0
307,2586.34,53331,Debit,Amazon,Kolkata,Android,0,0
308,1621.55,48901,Credit,Myntra,Bangalore,iOS,0,0
309,3977.98,63416,Credit,Swiggy,Bangalore,iOS,1,0
310,1361.45,32196,Credit,Myntra,Mumbai,Android,0,0
311,2200.47,5626,Credit,Flipkart,Delhi,Android,0,0
312,401.5,7424,Credit,Paytm,Kolkata,Android,0,0
313,136.5,12857,Debit,Myntra,Bangalore,iOS,1,0
314,4813.62,19982,Debit,Paytm,Bangalore,iOS,0,0
315,4181.54,76961,Credit,Swiggy,Kolkata,Web,0,0
316,3482.91,1980,Debit,Myntra,Delhi,Android,0,0
317,2050.68,48290,Debit,Amazon,Mumbai,iOS,0,0
318,874.74,26431,Debit,Paytm,Bangalore,Android,0,0
319,790.62,84976,Credit,Swiggy,Mumbai,iOS,0,0
320,1258.71,82711,Debit,Amazon,Chennai,Android,1,0
321,2750.64,26385,Credit,Amazon,Delhi,iOS,1,0
322,3575.83,38158,Debit,Amazon,Chennai,Web,0,0
323,3304.38,23019,Credit,Amazon,Chennai,Web,0,0
324,1406.87,18639,Debit,Myntra,Chennai,Android,0,0
325,4774.78,85530,Credit,Myntra,Delhi,iOS,0,0
326,3692.11,21563,Credit,Myntra,Delhi,iOS,0,0
327,2776.23,39341,Debit,Swiggy,Kolkata,Android,0,0
328,3062.49,5776,Credit,Swiggy,Mumbai,iOS,0,0
329,2103.8,36444,Credit,Swiggy,Mumbai,Android,0,0
330,1246.18,68916,Credit,Flipkart,Kolkata,iOS,0,0
331,1786.3,8711,Credit,Swiggy,Kolkata,Android,0,0
332,3791.65,74318,Credit,Myntra,Chennai,iOS,0,0
333,81.82,82970,Credit,Myntra,Kolkata,Android,0,0
334,589.2,85553,Credit,Flipkart,Bangalore,iOS,0,0
335,239.55,30707,Credit,Flipkart,Mumbai,Web,0,0
336,213.24,39110,Debit,Swiggy,Kolkata,iOS,0,0
337,4278.75,61788,Debit,Paytm,Bangalore,Android,0,0
338,3521.25,82879,Credit,Flipkart,Bangalore,Web,0,0
339,2376.13,38827,Credit,Amazon,Bangalore,iOS,0,0
340,498.19,5655,Debit,Myntra,Bangalore,Web,0,0
341,2463.16,44859,Debit,Amazon,Chennai,iOS,0,0
342,2372.62,53625,Debit,Myntra,Bangalore,Web,0,0
343,874.28,52098,Credit,Myntra,Chennai,Android,0,0
344,2174.92,15251,Debit,Flipkart,Chennai,iOS,0,0
345,1998.54,526,Credit,Flipkart,Bangalore,iOS,0,0
346,3083.09,68760,Credit,Amazon,Mumbai,Android,0,1
347,3179.12,47837,Debit,Myntra,Bangalore,Web,0,0
348,236.07,11536,Credit,Amazon,Bangalore,Android,0,0
349,1879.32,28541,Credit,Paytm,Bangalore,Android,0,0
350,3133.04,79083,Credit,Amazon,Mumbai,Web,0,0
351,2520.65,51027,Credit,Swiggy,Delhi,Android,0,0
352,4283.88,34531,Debit,Amazon,Delhi,iOS,0,0
353,3296.88,8712,Debit,Swiggy,Chennai,iOS,0,0
354,823.04,65455,Credit,Swiggy,Chennai,iOS,0,0
355,362.14,74744,Credit,Swiggy,Mumbai,Android,0,0
356,3215.67,5109,Debit,Paytm,Kolkata,iOS,0,0
357,142.29,49268,Credit,Amazon,Delhi,iOS,0,0
358,2933.02,54615,Debit,Amazon,Chennai,iOS,0,0
359,4701.75,82503,Credit,Paytm,Delhi,iOS,0,0
360,2881.62,29759,Credit,Myntra,Mumbai,iOS,0,0
361,1946.97,85708,Debit,Flipkart,Mumbai,iOS,0,0
362,3220.01,60112,Debit,Amazon,Kolkata,Android,1,0
363,2296.68,26589,Debit,Flipkart,Kolkata,iOS,0,0
364,2732.63,30015,Debit,Paytm,Mumbai,iOS,0,0
365,4707.91,29009,Credit,Myntra,Chennai,Web,0,0
366,1936.65,83309,Debit,Myntra,Delhi,Android,0,0
367,4806.34,62046,Credit,Myntra,Bangalore,Android,1,0
368,4527.7,26143,Debit,Paytm,Kolkata,Android,0,0
369,987.0,6154,Debit,Swiggy,Bangalore,Android,1,0
370,356.11,21804,Credit,Swiggy,Chennai,iOS,0,0
371,512.88,41688,Debit,Flipkart,Kolkata,iOS,0,0
372,100.93,64288,Debit,Swiggy,Bangalore,Web,0,0
373,481.27,51195,Debit,Swiggy,Chennai,Web,0,0
374,3418.2,20581,Debit,Myntra,Delhi,Android,0,0
375,365.23,52648,Credit,Myntra,Chennai,Web,0,0
376,1601.69,30087,Credit,Flipkart,Kolkata,Web,0,0
377,4225.93,49930,Debit,Amazon,Mumbai,Android,0,0
378,126.13,32981,Debit,Flipkart,Delhi,Android,1,0
379,4074.2,69298,Debit,Flipkart,Bangalore,Web,0,1
380,1416.46,46167,Credit,Paytm,Kolkata,iOS,0,0
381,599.64,75304,Credit,Paytm,Mumbai,Web,0,0
382,3486.72,43408,Credit,Flipkart,Chennai,Web,0,0
383,3148.42,39499,Credit,Flipkart,Mumbai,iOS,1,0
384,4388.59,52269,Debit,Flipkart,Kolkata,iOS,0,0
385,3678.0,38559,Debit,Swiggy,Kolkata,Android,0,0
386,4019.37,74319,Debit,Paytm,Mumbai,Android,0,0
387,1417.35,48787,Credit,Flipkart,Chennai,Web,0,0
388,895.42,35488,Debit,Myntra,Mumbai,iOS,0,0
389,3755.57,74441,Credit,Myntra,Kolkata,Android,0,0
390,4036.11,74663,Credit,Swiggy,Kolkata,Web,0,0
391,4952.62,22431,Debit,Swiggy,Bangalore,iOS,0,0
392,2068.96,61681,Debit,Amazon,Bangalore,Web,1,0
393,1866.37,63483,Debit,Amazon,Delhi,Android,0,0
394,3884.3,49153,Credit,Amazon,Kolkata,Android,0,0
395,1710.61,6368,Credit,Swiggy,Bangalore,iOS,1,0
396,4654.48,27424,Debit,Swiggy,Mumbai,Web,0,1
397,4293.48,45004,Debit,Swiggy,Chennai,iOS,0,0
398,2150.68,83869,Credit,Myntra,Mumbai,Android,0,0
399,3756.85,56985,Debit,Swiggy,Chennai,Android,1,0
400,3775.17,50069,Credit,Myntra,Bangalore,Web,0,0
401,524.59,52326,Credit,Amazon,Delhi,Web,0,0
402,4513.74,81061,Debit,Amazon,Mumbai,Web,0,0
403,2531.21,23398,Debit,Amazon,Mumbai,iOS,0,0
404,4134.02,50861,Debit,Flipkart,Mumbai,Web,0,0
405,1607.05,75897,Debit,Flipkart,Chennai,Web,0,0
406,4478.66,81905,Credit,Paytm,Bangalore,Android,0,0
407,1952.12,68577,Credit,Paytm,Mumbai,Android,0,0
408,64.08,65641,Credit,Paytm,Mumbai,Web,1,0
409,4527.86,9078,Debit,Flipkart,Delhi,Web,0,0
410,465.52,25003,Credit,Flipkart,Delhi,Android,0,0
411,1603.38,62768,Debit,Paytm,Bangalore,Web,0,0
412,4750.81,51047,Debit,Paytm,Bangalore,iOS,0,0
413,4753.53,71626,Debit,Swiggy,Kolkata,iOS,0,0
414,2871.46,57660,Debit,Paytm,Delhi,iOS,0,0
415,3162.87,49786,Debit,Swiggy,Kolkata,Web,0,0
416,2247.74,1925,Debit,Myntra,Chennai,Android,0,0
417,1473.12,83976,Credit,Flipkart,Kolkata,Web,0,0
418,1650.04,26015,Debit,Paytm,Mumbai,Web,0,0
419,3365.87,33320,Credit,Flipkart,Kolkata,Android,0,0
420,3764.35,64881,Credit,Flipkart,Bangalore,Android,0,0
421,3959.98,26289,Debit,Flipkart,Chennai,Android,0,0
422,3950.19,3389,Debit,Myntra,Mumbai,iOS,0,0
423,465.12,25683,Debit,Amazon,Kolkata,Web,0,0
424,2477.16,13629,Credit,Paytm,Chennai,Android,0,0
425,297.22,61550,Debit,Amazon,Chennai,Web,0,0
426,2752.15,24826,Credit,Amazon,Mumbai,iOS,0,0
427,2213.24,26630,Debit,Amazon,Kolkata,iOS,0,0
428,4439.64,46163,Debit,Flipkart,Chennai,Android,0,0
429,1761.07,66435,Credit,Swiggy,Chennai,Android,1,0
430,594.16,11653,Credit,Flipkart,Delhi,Web,0,0
431,723.53,27961,Debit,Flipkart,Chennai,Android,1,0
432,3809.94,81941,Credit,Amazon,Delhi,Web,0,0
433,3094.91,74137,Credit,Flipkart,Kolkata,Android,0,0
434,514.6,33662,Credit,Amazon,Kolkata,Web,0,0
435,429.69,56446,Credit,Swiggy,Kolkata,Web,0,0
436,3507.84,21288,Credit,Paytm,Bangalore,Web,0,0
437,373.09,36877,Debit,Amazon,Kolkata,Web,0,0
438,4111.08,15313,Debit,Swiggy,Chennai,iOS,0,0
439,3534.15,80885,Credit,Paytm,Mumbai,Web,0,0
440,415.93,72715,Debit,Myntra,Delhi,Android,0,0
441,433.34,10326,Debit,Amazon,Bangalore,iOS,0,0
442,4933.33,1560,Credit,Amazon,Kolkata,iOS,0,0
443,1877.61,79148,Debit,Myntra,Kolkata,Web,1,0
444,1859.5,83186,Credit,Myntra,Mumbai,iOS,0,0
445,4065.87,26745,Credit,Amazon,Mumbai,Web,0,0
446,4736.77,31890,Debit,Myntra,Bangalore,Android,0,0
447,4930.15,20022,Credit,Flipkart,Delhi,Web,0,0
448,3769.36,52579,Credit,Paytm,Kolkata,iOS,0,0
449,1887.54,70316,Credit,Paytm,Bangalore,Android,0,0
450,426.67,83847,Credit,Paytm,Chennai,Web,0,0
451,3887.96,28380,Credit,Flipkart,Chennai,Android,0,0
452,2796.44,2356,Debit,Myntra,Bangalore,Android,0,0
453,2126.87,70326,Debit,Swiggy,Kolkata,iOS,1,0
454,4532.71,20049,Credit,Myntra,Bangalore,Android,0,0
455,564.88,75717,Credit,Amazon,Kolkata,iOS,0,0
456,2468.2,16082,Debit,Paytm,Mumbai,Android,0,0
457,66.65,661,Credit,Myntra,Bangalore,Web,0,0
458,2348.62,37412,Debit,Swiggy,Kolkata,Android,0,0
459,290.95,2920,Credit,Amazon,Bangalore,Web,0,0
460,602.9,60315,Credit,Flipkart,Bangalore,Web,0,0
461,596.46,79561,Credit,Flipkart,Kolkata,Android,0,0
462,3249.56,8946,Credit,Swiggy,Kolkata,Web,0,0
463,3732.76,45500,Credit,Amazon,Delhi,Android,0,0
464,2921.01,16309,Credit,Paytm,Bangalore,Android,0,0
465,4811.24,55230,Credit,Myntra,Chennai,Web,0,0
466,1880.6,30027,Debit,Amazon,Bangalore,Web,0,0
467,1435.7,72541,Debit,Flipkart,Bangalore,iOS,0,0
468,4344.31,59321,Debit,Swiggy,Kolkata,Web,0,0
469,1125.74,956,Credit,Swiggy,Bangalore,iOS,0,0
470,4816.48,74131,Credit,Myntra,Bangalore,Web,0,0
471,70.65,47908,Credit,Swiggy,Chennai,Android,0,0
472,4849.7,78339,Credit,Swiggy,Kolkata,Web,0,0
473,225.37,25963,Credit,Amazon,Bangalore,Android,0,0
474,4456.8,39443,Credit,Paytm,Mumbai,Android,0,0
475,2643.23,39063,Credit,Myntra,Delhi,Android,0,1
476,4964.89,80818,Debit,Amazon,Chennai,iOS,0,0
477,378.24,4703,Credit,Paytm,Bangalore,Web,0,0
478,2773.73,65128,Debit,Amazon,Mumbai,Android,0,0
479,4846.82,72099,Debit,Amazon,Bangalore,Android,0,0
480,2620.26,25849,Credit,Swiggy,Bangalore,iOS,0,0
481,3150.7,31860,Credit,Paytm,Kolkata,Web,0,0
482,3481.79,31585,Debit,Myntra,Kolkata,Web,0,0
483,2278.16,22015,Debit,Myntra,Kolkata,iOS,0,0
484,3141.51,77539,Credit,Paytm,Mumbai,iOS,0,0
485,2925.73,43585,Credit,Swiggy,Bangalore,Web,1,0
486,4506.78,26958,Debit,Flipkart,Delhi,iOS,0,0
487,236.78,26017,Credit,Amazon,Chennai,Web,1,0
488,1412.01,76707,Credit,Swiggy,Kolkata,Web,0,0
489,4752.55,45350,Credit,Paytm,Kolkata,Android,0,0
490,4452.42,12201,Debit,Amazon,Bangalore,Android,0,0
491,2283.73,29426,Debit,Myntra,Bangalore,Web,0,0
492,3104.46,17778,Debit,Flipkart,Mumbai,Web,0,0
493,1394.13,45241,Credit,Myntra,Mumbai,Web,0,0
494,948.72,42229,Credit,Paytm,Kolkata,Web,0,0
495,2323.86,48364,Debit,Amazon,Bangalore,Web,0,0
496,1773.23,84878,Debit,Paytm,Delhi,Web,0,0
497,2922.44,57056,Debit,Amazon,Chennai,iOS,0,0
498,397.9,27490,Credit,Swiggy,Bangalore,Web,0,0
499,4872.23,19975,Debit,Flipkart,Bangalore,iOS,0,0
500,4931.19,26723,Debit,Swiggy,Mumbai,iOS,1,0
501,3493.83,23279,Credit,Swiggy,Chennai,Web,0,0
502,2685.12,78301,Credit,Paytm,Kolkata,Web,1,0
503,1554.54,11561,Credit,Flipkart,Bangalore,iOS,0,0
504,4070.84,66061,Debit,Amazon,Kolkata,iOS,0,0
505,3426.81,49153,Credit,Amazon,Bangalore,Web,0,0
506,821.46,33142,Credit,Myntra,Kolkata,Web,0,0
507,4555.53,26916,Debit,Amazon,Chennai,iOS,0,0
508,4114.46,64324,Credit,Paytm,Mumbai,iOS,0,0
509,4749.5,44965,Debit,Swiggy,Chennai,iOS,0,0
510,3631.34,4648,Debit,Swiggy,Delhi,Android,0,0
511,3070.94,35133,Credit,Swiggy,Mumbai,iOS,0,0
512,2097.03,50677,Credit,Flipkart,Chennai,Android,0,0
513,4664.32,70135,Credit,Amazon,Delhi,Web,0,0
514,4331.66,35046,Credit,Paytm,Bangalore,Web,0,0
515,235.64,47064,Credit,Flipkart,Bangalore,iOS,0,0
516,141.57,69350,Credit,Myntra,Kolkata,Web,0,0
517,1888.55,45893,Debit,Paytm,Mumbai,Web,0,0
518,4054.66,61272,Debit,Paytm,Bangalore,Web,0,0
519,4936.51,67649,Credit,Paytm,Mumbai,Web,0,0
520,760.58,64674,Debit,Swiggy,Bangalore,Android,0,0
521,2974.71,13760,Credit,Paytm,Kolkata,Android,0,0
522,1910.65,21927,Debit,Amazon,Chennai,iOS,0,0
523,4849.87,61367,Debit,Paytm,Kolkata,iOS,1,0
524,4212.17,12588,Debit,Swiggy,Delhi,iOS,1,0
525,4193.26,52233,Credit,Paytm,Bangalore,Web,0,0
526,2348.78,44738,Debit,Myntra,Delhi,Web,0,0
527,2079.95,33397,Credit,Myntra,Delhi,Android,0,0
528,1374.3,82189,Debit,Swiggy,Mumbai,Android,0,0
529,291.31,76367,Debit,Amazon,Bangalore,iOS,0,0
530,4324.96,71260,Debit,Amazon,Delhi,Android,0,0
531,4066.38,76619,Debit,Flipkart,Chennai,Android,1,0
532,4998.59,19816,Debit,Swiggy,Delhi,Android,0,0
533,4983.22,42240,Credit,Paytm,Chennai,Android,0,0
534,2781.6,6276,Credit,Swiggy,Mumbai,Android,0,0
535,3847.25,79530,Debit,Flipkart,Delhi,iOS,0,0
536,4724.38,23499,Debit,Swiggy,Kolkata,iOS,0,0
537,4249.74,82495,Debit,Swiggy,Mumbai,Android,1,0
538,1244.27,71635,Debit,Flipkart,Chennai,iOS,0,0
539,2258.22,85112,Credit,Amazon,Mumbai,Web,0,0
540,654.51,35946,Debit,Paytm,Delhi,Android,0,0
541,4770.71,55204,Credit,Flipkart,Bangalore,Web,0,0
542,3034.81,51886,Debit,Myntra,Bangalore,iOS,0,0
543,1150.93,71652,Credit,Amazon,Chennai,iOS,0,0
544,3361.79,15563,Debit,Myntra,Chennai,Web,0,0
545,3094.46,9847,Debit,Amazon,Bangalore,iOS,0,0
546,1797.23,26155,Credit,Paytm,Chennai,Android,0,0
547,576.65,79671,Debit,Paytm,Mumbai,Web,0,0
548,3361.15,83310,Debit,Swiggy,Kolkata,Android,0,0
549,2606.34,67278,Debit,Myntra,Kolkata,Web,0,0
550,3863.87,18309,Credit,Amazon,Mumbai,iOS,0,0
551,2605.62,619,Debit,Paytm,Kolkata,Web,0,0
552,4262.39,83194,Debit,Flipkart,Delhi,Web,0,0
553,2764.02,50108,Credit,Paytm,Mumbai,Android,0,0
554,2809.08,34707,Credit,Flipkart,Chennai,iOS,0,0
555,4384.5,20337,Credit,Amazon,Mumbai,Android,0,0
556,2023.38,81537,Debit,Paytm,Bangalore,iOS,0,0
557,678.74,66504,Debit,Paytm,Chennai,Android,0,0
558,153.63,47614,Debit,Amazon,Bangalore,Web,0,0
559,3778.13,281,Credit,Paytm,Chennai,Android,0,0
560,3105.34,27420,Debit,Flipkart,Kolkata,iOS,0,0
561,3523.36,80896,Debit,Paytm,Mumbai,iOS,0,0
562,1072.69,39030,Credit,Myntra,Delhi,Web,0,0
563,690.49,1058,Credit,Swiggy,Chennai,iOS,0,0
564,82.58,86213,Credit,Flipkart,Chennai,Android,0,0
565,1759.43,76260,Credit,Myntra,Bangalore,Web,0,0
566,2953.69,28404,Credit,Amazon,Kolkata,iOS,0,0
567,1967.3,29856,Debit,Flipkart,Bangalore,iOS,0,0
568,2193.0,9200,Credit,Swiggy,Bangalore,Android,0,0
569,4521.75,64178,Debit,Swiggy,Kolkata,Android,0,0
570,1747.79,33997,Debit,Amazon,Delhi,Web,0,0
571,2574.81,25611,Credit,Amazon,Bangalore,iOS,0,0
572,3920.43,41235,Credit,Flipkart,Bangalore,Android,1,0
573,1988.75,35057,Credit,Paytm,Chennai,Web,1,1
574,3114.21,1239,Debit,Amazon,Kolkata,iOS,0,0
575,4313.19,65661,Credit,Paytm,Mumbai,iOS,0,0
576,4748.11,45272,Credit,Myntra,Delhi,Web,0,0
577,743.9,61212,Credit,Swiggy,Delhi,Web,0,0
578,4633.67,15398,Credit,Paytm,Kolkata,Android,0,0
579,2465.66,56503,Credit,Swiggy,Chennai,iOS,0,0
580,1298.64,6638,Debit,Paytm,Chennai,iOS,0,1
581,2301.09,6570,Debit,Myntra,Kolkata,iOS,0,0
582,4900.36,68785,Debit,Amazon,Chennai,Web,0,0
583,2468.16,9110,Credit,Myntra,Delhi,Android,0,0
584,1650.47,79141,Credit,Amazon,Delhi,iOS,1,0
585,3170.67,12115,Credit,Amazon,Mumbai,Web,0,0
586,1208.33,39062,Debit,Swiggy,Kolkata,iOS,0,1
587,388.56,22911,Credit,Myntra,Bangalore,Android,1,0
588,653.11,32556,Credit,Paytm,Bangalore,iOS,0,0
589,648.95,78131,Credit,Myntra,Mumbai,Android,0,0
590,767.99,1969,Debit,Swiggy,Mumbai,Android,0,0
591,702.75,43753,Credit,Amazon,Chennai,iOS,0,0
592,3207.96,82811,Debit,Swiggy,Mumbai,iOS,0,0
593,917.58,4470,Credit,Flipkart,Mumbai,Android,0,0
594,1734.88,10225,Debit,Flipkart,Bangalore,Web,0,0
595,4484.97,23196,Debit,Paytm,Chennai,Android,0,0
596,2375.07,13669,Debit,Swiggy,Mumbai,iOS,0,0
597,3341.11,37380,Credit,Paytm,Mumbai,iOS,1,0
598,869.88,48320,Credit,Paytm,Chennai,Web,0,0
599,969.52,47414,Debit,Flipkart,Kolkata,Android,0,0
600,213.93,15577,Debit,Paytm,Chennai,Android,0,0
601,852.99,55409,Credit,Flipkart,Bangalore,Android,0,0
602,1400.17,28625,Credit,Amazon,Kolkata,iOS,1,0
603,893.28,81040,Debit,Swiggy,Delhi,Android,0,0
604,452.63,24089,Credit,Paytm,Chennai,Web,0,0
605,611.97,36487,Credit,Flipkart,Bangalore,iOS,0,0
606,2309.29,65838,Credit,Myntra,Kolkata,iOS,0,0
607,1039.61,50138,Credit,Paytm,Chennai,Android,0,0
608,1827.71,42823,Debit,Amazon,Mumbai,Web,0,0
609,2522.05,37208,Credit,Amazon,Chennai,iOS,0,0
610,3455.07,54061,Credit,Myntra,Delhi,iOS,0,0
611,206.17,30659,Debit,Flipkart,Chennai,Android,0,0
612,3999.06,31890,Debit,Paytm,Kolkata,Android,0,0
613,3143.22,79134,Credit,Flipkart,Kolkata,Web,0,0
614,417.98,47055,Credit,Amazon,Chennai,Android,0,0
615,4369.16,19508,Credit,Flipkart,Kolkata,Web,1,0
616,4605.15,42287,Credit,Amazon,Mumbai,iOS,0,0
617,314.78,78916,Debit,Flipkart,Chennai,Web,0,0
618,1391.62,26984,Debit,Myntra,Mumbai,Web,0,0
619,4032.94,8125,Debit,Swiggy,Mumbai,Web,0,0
620,3743.82,36059,Credit,Myntra,Bangalore,iOS,0,0
621,930.76,69569,Credit,Myntra,Chennai,Android,0,0
622,1054.65,17087,Credit,Swiggy,Kolkata,iOS,0,0
623,1858.66,5704,Credit,Swiggy,Mumbai,Android,0,0
624,2427.77,60576,Debit,Paytm,Bangalore,Web,0,0
625,3095.09,73384,Debit,Paytm,Chennai,Web,0,0
626,1850.88,72460,Credit,Myntra,Chennai,Web,0,0
627,2318.05,27208,Debit,Myntra,Delhi,Web,0,0
628,3739.88,85150,Credit,Amazon,Delhi,Web,1,0
629,193.05,66024,Credit,Amazon,Mumbai,Android,0,0
630,1269.66,39882,Debit,Paytm,Delhi,Android,0,1
631,3569.61,25923,Credit,Paytm,Mumbai,Web,0,0
632,4477.08,29165,Credit,Amazon,Kolkata,iOS,0,0
633,2563.27,67203,Debit,Amazon,Mumbai,iOS,0,0
634,2665.25,4114,Credit,Flipkart,Delhi,Web,0,0
635,544.79,64965,Credit,Flipkart,Kolkata,Android,0,0
636,2242.59,36321,Debit,Amazon,Delhi,iOS,0,0
637,2667.76,73297,Credit,Flipkart,Mumbai,iOS,0,0
638,1219.93,25426,Debit,Swiggy,Bangalore,iOS,0,0
639,1353.52,17772,Credit,Paytm,Chennai,Web,0,0
640,1892.65,3712,Debit,Paytm,Delhi,iOS,0,0
641,110.16,1367,Debit,Amazon,Mumbai,iOS,0,0
642,1617.18,51924,Debit,Myntra,Kolkata,iOS,1,0
643,1065.13,3726,Credit,Amazon,Delhi,iOS,0,0
644,1644.21,27723,Debit,Flipkart,Delhi,Android,0,0
645,607.61,9108,Debit,Myntra,Chennai,Web,0,0
646,4453.73,77714,Debit,Flipkart,Mumbai,Web,1,1
647,2972.03,35643,Debit,Swiggy,Bangalore,Android,0,0
648,3398.72,31324,Debit,Flipkart,Kolkata,Android,1,0
649,3947.96,83360,Credit,Swiggy,Mumbai,Web,0,0
650,2497.23,8927,Credit,Swiggy,Kolkata,iOS,0,0
651,443.73,22443,Credit,Flipkart,Delhi,iOS,1,0
652,2690.16,79973,Credit,Flipkart,Chennai,Web,0,0
653,2938.34,63449,Credit,Swiggy,Chennai,iOS,0,0
654,3729.74,76743,Credit,Myntra,Bangalore,Android,0,0
655,2163.98,60233,Credit,Swiggy,Chennai,iOS,0,0
656,646.63,25537,Debit,Paytm,Delhi,iOS,1,0
657,1426.04,77576,Credit,Swiggy,Bangalore,iOS,0,0
658,1821.78,22612,Debit,Myntra,Mumbai,Web,0,0
659,3233.13,6471,Debit,Paytm,Chennai,Android,0,0
660,2858.18,35631,Credit,Amazon,Bangalore,iOS,0,0
661,1786.92,31348,Debit,Amazon,Delhi,Web,0,0
662,4932.71,64732,Debit,Myntra,Kolkata,iOS,0,0
663,3032.82,1177,Debit,Swiggy,Kolkata,Android,0,0
664,1193.76,4760,Debit,Flipkart,Delhi,iOS,1,0
665,517.89,32779,Credit,Myntra,Delhi,Android,0,0
666,772.77,21636,Credit,Paytm,Kolkata,iOS,0,0
667,1237.33,81889,Credit,Paytm,Bangalore,Android,1,0
668,811.8,53551,Credit,Amazon,Kolkata,iOS,0,0
669,940.97,11556,Credit,Paytm,Delhi,Android,0,0
670,1432.62,27598,Credit,Myntra,Chennai,iOS,0,0
671,875.13,11563,Credit,Paytm,Mumbai,iOS,0,0
672,4484.86,46819,Credit,Myntra,Chennai,Web,0,0
673,410.37,73770,Credit,Flipkart,Chennai,Web,1,0
674,2627.31,26966,Credit,Amazon,Delhi,Android,0,0
675,2057.88,81709,Debit,Paytm,Kolkata,iOS,0,0
676,4912.07,59889,Credit,Myntra,Bangalore,Android,0,0
677,569.07,26987,Debit,Swiggy,Chennai,Web,0,0
678,1995.3,78714,Debit,Amazon,Kolkata,Android,0,0
679,4847.66,58348,Debit,Flipkart,Bangalore,Android,0,0
680,4328.88,24596,Debit,Myntra,Chennai,Web,0,0
681,4087.19,33174,Credit,Flipkart,Bangalore,iOS,0,0
682,1296.94,64106,Debit,Flipkart,Kolkata,Android,0,0
683,862.73,69967,Credit,Paytm,Mumbai,Web,0,0
684,3346.53,59182,Credit,Paytm,Kolkata,iOS,0,0
685,4647.59,39310,Debit,Myntra,Delhi,Web,0,0
686,2788.25,56088,Credit,Swiggy,Bangalore,Android,0,0
687,2862.35,8906,Debit,Myntra,Mumbai,iOS,0,0
688,1407.1,36914,Debit,Swiggy,Bangalore,iOS,0,0
689,3849.77,45379,Credit,Flipkart,Bangalore,Web,0,0
690,943.35,78612,Credit,Amazon,Chennai,Web,0,1
691,1625.16,37650,Debit,Myntra,Delhi,Web,0,0
692,2132.93,46881,Credit,Myntra,Bangalore,iOS,0,0
693,2542.98,46413,Credit,Swiggy,Kolkata,iOS,0,0
694,1219.62,6012,Credit,Flipkart,Kolkata,Android,0,0
695,583.04,50115,Debit,Flipkart,Chennai,iOS,0,0
696,3056.99,7151,Debit,Swiggy,Delhi,Android,0,0
697,1450.27,57716,Credit,Flipkart,Delhi,Web,0,0
698,2910.38,36378,Credit,Paytm,Kolkata,Web,0,0
699,780.27,42652,Credit,Amazon,Mumbai,iOS,0,0
700,2410.89,72430,Credit,Myntra,Chennai,Web,0,0
701,2667.62,13467,Credit,Amazon,Chennai,Web,0,0
702,268.6,31010,Debit,Myntra,Kolkata,iOS,0,0
703,1689.66,54691,Credit,Paytm,Kolkata,Android,1,0
704,680.73,64157,Debit,Flipkart,Mumbai,iOS,0,0
705,326.24,12289,Credit,Swiggy,Mumbai,Android,0,0
706,4949.9,44976,Debit,Paytm,Delhi,iOS,1,0
707,1618.55,43596,Credit,Amazon,Chennai,iOS,0,0
708,4051.27,23171,Debit,Swiggy,Chennai,Web,0,0
709,1280.66,86365,Credit,Flipkart,Kolkata,iOS,0,0
710,3410.7,44139,Debit,Paytm,Delhi,iOS,0,0
711,3803.54,48713,Debit,Swiggy,Chennai,Android,0,0
712,2982.24,29734,Debit,Paytm,Delhi,Web,0,0
713,2363.17,72588,Debit,Paytm,Delhi,Android,0,0
714,2065.09,63646,Debit,Flipkart,Kolkata,Android,1,0
715,1750.85,3654,Debit,Myntra,Delhi,Web,0,0
716,4648.35,18743,Credit,Swiggy,Mumbai,Web,0,0
717,4154.79,48368,Debit,Flipkart,Mumbai,Web,0,0
718,4825.48,74172,Credit,Paytm,Bangalore,iOS,0,0
719,630.24,6441,Credit,Flipkart,Kolkata,Web,0,0
720,3657.03,24611,Credit,Myntra,Bangalore,Web,0,0
721,4692.32,12149,Credit,Swiggy,Mumbai,Web,0,0
722,914.35,59189,Credit,Myntra,Bangalore,Android,0,0
723,341.82,21675,Debit,Amazon,Kolkata,Android,0,0
724,3708.19,71031,Debit,Swiggy,Kolkata,iOS,0,0
725,2876.62,42668,Debit,Myntra,Delhi,Android,0,0
726,4210.73,13673,Credit,Paytm,Chennai,iOS,0,1
727,707.46,76666,Debit,Swiggy,Delhi,Android,1,0
728,3978.38,80758,Debit,Swiggy,Kolkata,Web,0,0
729,1016.12,65429,Debit,Flipkart,Mumbai,Android,0,1
730,826.64,23669,Debit,Paytm,Mumbai,iOS,0,0
731,829.69,34068,Debit,Amazon,Delhi,Android,0,0
732,4074.73,9435,Credit,Myntra,Kolkata,Web,0,0
733,3329.33,52249,Debit,Flipkart,Mumbai,iOS,0,0
734,2620.1,37384,Credit,Myntra,Kolkata,Web,0,0
735,1800.56,81929,Credit,Amazon,Mumbai,Web,0,0
736,4387.23,76153,Credit,Amazon,Kolkata,iOS,0,0
737,1968.3,75388,Credit,Swiggy,Bangalore,Web,0,0
738,4084.83,31401,Credit,Amazon,Kolkata,Web,0,0
739,2201.28,71831,Debit,Myntra,Kolkata,Android,0,0
740,1890.95,34084,Debit,Paytm,Delhi,Web,0,0
741,2318.77,55826,Debit,Paytm,Bangalore,Web,1,0
742,1513.88,36451,Credit,Swiggy,Chennai,Web,0,0
743,3740.57,7227,Debit,Myntra,Delhi,Web,1,0
744,2518.57,31910,Debit,Myntra,Chennai,iOS,0,0
745,1168.74,36041,Credit,Amazon,Mumbai,Android,0,0
746,4498.88,65681,Credit,Myntra,Chennai,Web,0,0
747,1925.62,81571,Credit,Flipkart,Kolkata,Web,0,0
748,2722.33,65481,Credit,Amazon,Chennai,iOS,0,0
749,4533.3,68576,Debit,Flipkart,Delhi,Web,1,0
750,3124.95,64174,Credit,Swiggy,Delhi,iOS,0,0
751,593.32,26160,Credit,Paytm,Chennai,Android,0,0
752,4699.76,17633,Debit,Swiggy,Delhi,Android,0,0
753,3142.26,17014,Debit,Paytm,Delhi,Web,0,0
754,1681.18,80532,Credit,Swiggy,Chennai,Web,0,0
755,704.97,49104,Debit,Myntra,Bangalore,Web,0,0
756,3972.19,41621,Credit,Flipkart,Bangalore,iOS,0,0
757,3104.16,77231,Credit,Paytm,Mumbai,Web,0,0
758,2671.97,68388,Debit,Amazon,Delhi,Web,0,0
759,4470.52,16014,Debit,Flipkart,Chennai,Android,0,0
760,3945.1,33755,Credit,Amazon,Delhi,Web,0,0
761,766.86,40390,Credit,Flipkart,Kolkata,Android,0,0
762,1565.49,23711,Credit,Flipkart,Delhi,Web,0,0
763,1249.96,57993,Debit,Swiggy,Delhi,Android,0,0
764,3722.29,74696,Credit,Paytm,Bangalore,Web,0,0
765,177.33,27213,Credit,Paytm,Chennai,Android,0,0
766,2853.75,57784,Credit,Flipkart,Delhi,iOS,0,0
767,3814.67,7421,Credit,Myntra,Bangalore,Android,0,0
768,4385.06,17727,Credit,Myntra,Mumbai,Android,0,0
769,1716.99,4358,Debit,Amazon,Bangalore,Android,0,0
770,4108.07,65108,Credit,Amazon,Bangalore,Web,0,0
771,562.05,32117,Credit,Swiggy,Bangalore,Web,0,0
772,4233.8,31910,Credit,Flipkart,Delhi,Web,0,0
773,646.17,55754,Credit,Amazon,Delhi,iOS,0,0
774,1992.46,62438,Debit,Amazon,Mumbai,iOS,0,0
775,3988.5,29371,Debit,Flipkart,Kolkata,Android,1,0
776,758.09,51501,Debit,Swiggy,Kolkata,iOS,1,0
777,1153.96,60946,Credit,Amazon,Kolkata,Android,0,0
778,3614.04,38467,Credit,Swiggy,Mumbai,Android,0,0
779,3602.98,17625,Debit,Paytm,Kolkata,Android,0,0
780,3209.33,33893,Debit,Swiggy,Kolkata,iOS,1,0
781,3472.8,76329,Debit,Myntra,Bangalore,Web,0,0
782,2718.19,31007,Credit,Myntra,Delhi,iOS,0,0
783,1266.48,39532,Credit,Swiggy,Delhi,Android,0,0
784,1735.02,54253,Debit,Myntra,Bangalore,Android,0,0
785,916.17,12323,Debit,Paytm,Bangalore,iOS,0,0
786,4543.17,73379,Debit,Flipkart,Bangalore,Android,1,0
787,2921.13,14210,Credit,Myntra,Delhi,Android,0,0
788,2010.25,16456,Credit,Myntra,Kolkata,iOS,0,0
789,2315.41,31367,Credit,Swiggy,Bangalore,iOS,0,0
790,4736.94,54624,Debit,Paytm,Mumbai,iOS,0,0
791,775.22,10106,Debit,Flipkart,Bangalore,Android,0,0
792,2935.29,68008,Credit,Swiggy,Chennai,Android,0,0
793,2534.38,72240,Debit,Swiggy,Bangalore,Web,0,0
794,3061.16,64315,Credit,Paytm,Delhi,Web,0,0
795,100.37,69249,Debit,Flipkart,Bangalore,iOS,0,0
796,4361.9,70587,Debit,Paytm,Chennai,Web,0,0
797,4661.27,10756,Debit,Flipkart,Mumbai,Android,1,0
798,2830.01,68011,Debit,Paytm,Kolkata,Web,1,0
799,3486.29,36378,Credit,Swiggy,Bangalore,Android,0,0
800,4613.27,4255,Debit,Swiggy,Chennai,iOS,0,0
801,3539.12,14484,Credit,Amazon,Chennai,iOS,1,0
802,771.17,56549,Credit,Myntra,Mumbai,Android,0,0
803,2885.68,34503,Credit,Paytm,Delhi,Web,0,0
804,3037.51,73794,Debit,Amazon,Bangalore,iOS,1,0
805,2126.41,45113,Credit,Myntra,Chennai,iOS,0,0
806,3684.86,74069,Credit,Paytm,Mumbai,Web,0,0
807,4672.49,5249,Credit,Flipkart,Kolkata,Web,1,0
808,4628.59,19201,Debit,Myntra,Chennai,Android,0,0
809,2259.69,58576,Debit,Swiggy,Mumbai,Web,0,0
810,575.06,9686,Credit,Amazon,Delhi,Web,0,1
811,4924.36,53363,Debit,Myntra,Delhi,Web,0,0
812,4196.1,661,Credit,Myntra,Chennai,Android,0,0
813,632.07,44843,Credit,Swiggy,Chennai,Android,0,0
814,4605.0,60963,Debit,Paytm,Bangalore,iOS,1,0
815,4350.78,42828,Credit,Flipkart,Mumbai,Android,0,0
816,2599.0,48604,Debit,Swiggy,Chennai,iOS,0,0
817,2960.46,10526,Debit,Flipkart,Bangalore,Web,0,0
818,2001.02,68910,Credit,Paytm,Bangalore,iOS,0,0
819,283.26,25592,Debit,Myntra,Chennai,iOS,0,0
820,1682.63,28982,Debit,Flipkart,Delhi,Web,1,0
821,4016.24,207,Credit,Amazon,Mumbai,iOS,0,0
822,33.11,68619,Credit,Amazon,Mumbai,Android,0,0
823,1674.16,29328,Debit,Swiggy,Delhi,Android,0,0
824,1996.86,46479,Debit,Paytm,Chennai,Android,0,0
825,2691.6,20103,Credit,Swiggy,Mumbai,Android,0,0
826,4600.08,39891,Debit,Swiggy,Chennai,iOS,0,0
827,1738.27,10754,Debit,Swiggy,Chennai,iOS,0,0
828,1741.3,81437,Debit,Amazon,Bangalore,Web,1,0
829,3690.13,72982,Debit,Amazon,Delhi,iOS,0,0
830,2266.57,55922,Debit,Swiggy,Chennai,iOS,0,0
831,1130.78,48231,Debit,Amazon,Kolkata,iOS,0,0
832,2267.67,29301,Debit,Paytm,Delhi,Web,0,0
833,712.88,62711,Credit,Swiggy,Mumbai,Android,0,0
834,890.17,41323,Credit,Amazon,Bangalore,iOS,0,0
835,2496.86,18752,Credit,Flipkart,Mumbai,Web,0,0
836,2100.44,82205,Credit,Swiggy,Mumbai,Web,0,0
837,4575.08,13395,Credit,Swiggy,Delhi,Web,0,0
838,1818.35,85957,Debit,Paytm,Mumbai,Android,0,0
839,2907.14,56273,Debit,Myntra,Chennai,iOS,0,0
840,3165.0,4895,Debit,Myntra,Mumbai,Web,0,0
841,75.34,76559,Debit,Paytm,Bangalore,Android,0,0
842,3321.05,10699,Credit,Paytm,Bangalore,Web,0,0
843,898.4,65061,Debit,Paytm,Kolkata,Web,0,0
844,4805.74,9715,Debit,Myntra,Bangalore,Web,0,0
845,751.83,19169,Credit,Paytm,Mumbai,Web,0,0
846,2078.97,16163,Debit,Amazon,Bangalore,Web,0,0
847,435.89,5782,Debit,Swiggy,Delhi,Android,0,0
848,4984.4,84328,Credit,Swiggy,Bangalore,iOS,0,0
849,2515.95,35585,Debit,Flipkart,Chennai,iOS,0,0
850,2980.97,30682,Debit,Flipkart,Delhi,iOS,1,0
851,344.71,47864,Debit,Swiggy,Kolkata,iOS,0,0
852,3752.3,84416,Debit,Amazon,Chennai,Android,0,0
853,1057.43,55114,Debit,Myntra,Mumbai,Android,0,0
854,4491.29,38067,Credit,Myntra,Mumbai,Android,0,0
855,1033.65,42685,Credit,Amazon,Mumbai,Web,0,0
856,961.53,18073,Credit,Myntra,Chennai,Web,0,0
857,192.38,36035,Credit,Paytm,Chennai,Web,0,1
858,2365.61,64977,Credit,Swiggy,Chennai,iOS,0,0
859,2828.56,83362,Credit,Swiggy,Delhi,Web,0,0
860,337.89,65450,Debit,Amazon,Delhi,iOS,0,0
861,3879.88,10382,Credit,Myntra,Mumbai,Web,0,0
862,2271.91,4437,Credit,Flipkart,Bangalore,iOS,0,0
863,2626.71,70971,Debit,Flipkart,Mumbai,Web,0,0
864,2209.41,64612,Debit,Myntra,Kolkata,Web,1,0
865,2009.81,61929,Credit,Flipkart,Delhi,Android,1,0
866,2802.61,12329,Debit,Amazon,Chennai,Web,0,0
867,784.65,25169,Credit,Amazon,Delhi,Web,0,0
868,917.82,34594,Debit,Myntra,Chennai,Android,0,0
869,4310.31,76957,Credit,Flipkart,Kolkata,iOS,1,0
870,4731.12,60631,Debit,Amazon,Kolkata,Android,0,0
871,1872.81,45033,Debit,Amazon,Delhi,Android,0,0
872,1361.02,63133,Credit,Paytm,Chennai,iOS,0,0
873,3223.56,73165,Credit,Paytm,Kolkata,Web,0,0
874,2049.58,73861,Credit,Amazon,Mumbai,iOS,0,0
875,136.68,52290,Credit,Myntra,Mumbai,Web,0,0
876,789.2,31750,Credit,Swiggy,Chennai,Web,0,0
877,3582.7,40461,Debit,Swiggy,Delhi,iOS,0,0
878,3298.03,73800,Credit,Amazon,Kolkata,Android,0,0
879,145.21,78222,Credit,Amazon,Delhi,iOS,0,0
880,1117.64,24226,Debit,Amazon,Mumbai,Web,0,0
881,1163.06,6721,Debit,Myntra,Kolkata,iOS,0,0
882,3362.74,56154,Credit,Paytm,Delhi,iOS,0,0
883,108.36,20609,Debit,Amazon,Bangalore,Web,0,1
884,529.5,52130,Debit,Amazon,Chennai,Android,0,0
885,4001.58,72909,Credit,Flipkart,Chennai,iOS,1,0
886,900.94,55249,Debit,Myntra,Bangalore,Web,0,0
887,3267.2,48895,Debit,Amazon,Mumbai,Web,0,0
888,1198.53,5656,Credit,Flipkart,Kolkata,iOS,0,0
889,506.21,74520,Credit,Swiggy,Chennai,Android,1,0
890,1223.43,63740,Debit,Amazon,Bangalore,iOS,0,0
891,3614.11,64309,Debit,Amazon,Bangalore,Android,0,0
892,4279.93,29984,Credit,Flipkart,Mumbai,Android,0,0
893,4152.8,73822,Debit,Myntra,Mumbai,Android,0,0
894,1991.95,5901,Debit,Amazon,Delhi,Android,0,0
895,3343.74,31552,Debit,Swiggy,Chennai,iOS,0,0
896,1032.87,31055,Credit,Amazon,Delhi,Web,0,0
897,1472.81,37685,Debit,Swiggy,Bangalore,Web,0,0
898,4482.72,73965,Debit,Paytm,Kolkata,Web,0,0
899,74.88,14716,Credit,Paytm,Kolkata,Web,0,0
900,436.69,11138,Debit,Swiggy,Mumbai,Web,0,0
901,1047.35,35298,Debit,Myntra,Kolkata,Web,0,0
902,142.4,51112,Credit,Amazon,Kolkata,iOS,0,0
903,915.36,23429,Credit,Amazon,Kolkata,Android,0,0
904,2919.38,50200,Credit,Paytm,Bangalore,Web,0,0
905,2112.91,71308,Credit,Swiggy,Kolkata,iOS,0,0
906,4464.43,48244,Debit,Amazon,Kolkata,Web,1,0
907,4089.04,17347,Debit,Amazon,Kolkata,Web,0,0
908,1715.67,16920,Credit,Myntra,Delhi,Android,0,0
909,1304.52,31822,Credit,Flipkart,Bangalore,Android,0,0
910,1904.67,46659,Debit,Paytm,Mumbai,Android,0,0
911,2955.57,40108,Credit,Paytm,Delhi,Web,0,0
912,1347.64,7967,Debit,Flipkart,Chennai,Web,0,0
913,3124.5,11871,Credit,Amazon,Bangalore,Web,0,0
914,2052.96,77452,Debit,Myntra,Bangalore,Android,0,1
915,2764.72,74270,Credit,Myntra,Chennai,iOS,0,0
916,2186.27,33613,Credit,Paytm,Chennai,Web,0,0
917,1479.38,28179,Debit,Myntra,Chennai,Web,0,0
918,4742.78,52188,Credit,Flipkart,Mumbai,Web,0,0
919,3820.39,55099,Debit,Amazon,Kolkata,iOS,0,0
920,709.16,35262,Debit,Flipkart,Bangalore,Web,0,0
921,4343.66,78213,Debit,Swiggy,Kolkata,iOS,1,0
922,2442.28,18268,Debit,Paytm,Kolkata,Web,1,0
923,4473.82,77866,Debit,Myntra,Chennai,iOS,0,0
924,4001.28,86269,Credit,Swiggy,Mumbai,Web,0,0
925,2131.82,60545,Credit,Myntra,Delhi,Android,0,0
926,122.12,72146,Debit,Amazon,Mumbai,Android,0,0
927,1350.7,71966,Credit,Amazon,Kolkata,Android,0,0
928,2712.75,39922,Debit,Amazon,Mumbai,Android,0,0
929,3171.06,79364,Credit,Myntra,Chennai,Web,0,0
930,1296.86,42913,Credit,Swiggy,Delhi,Android,0,0
931,705.39,55677,Credit,Amazon,Chennai,iOS,0,0
932,4176.3,49841,Credit,Swiggy,Delhi,Android,0,0
933,4922.17,46332,Debit,Myntra,Kolkata,Android,0,0
934,2633.19,25032,Debit,Swiggy,Delhi,Android,0,0
935,866.68,37846,Credit,Myntra,Delhi,Web,0,0
936,1368.81,59474,Credit,Myntra,Delhi,Android,0,0
937,101.77,44936,Debit,Paytm,Mumbai,iOS,0,0
938,4572.35,29794,Credit,Myntra,Mumbai,Android,0,0
939,597.58,61588,Debit,Myntra,Kolkata,Android,0,0
940,2886.82,70984,Debit,Flipkart,Delhi,Android,0,0
941,1377.54,50331,Debit,Amazon,Bangalore,iOS,0,0
942,2775.35,28141,Credit,Paytm,Kolkata,Android,0,0
943,3260.59,9074,Debit,Paytm,Delhi,iOS,0,0
944,4150.41,6406,Credit,Paytm,Delhi,iOS,0,0
945,1040.04,23291,Debit,Flipkart,Mumbai,Android,0,0
946,64.87,41568,Credit,Myntra,Kolkata,iOS,0,0
947,693.06,46851,Credit,Amazon,Delhi,Web,0,0
948,4501.09,54823,Credit,Swiggy,Delhi,Android,1,0
949,4370.71,23312,Debit,Myntra,Kolkata,Android,0,0
950,2991.09,43108,Debit,Flipkart,Bangalore,iOS,0,0
951,3006.58,66918,Credit,Myntra,Kolkata,iOS,0,0
952,3328.53,34171,Credit,Myntra,Kolkata,Android,1,0
953,885.1,41779,Credit,Flipkart,Bangalore,Web,0,0
954,4572.92,68828,Debit,Paytm,Kolkata,iOS,0,0
955,2099.66,12411,Debit,Paytm,Delhi,iOS,0,0
956,1921.86,57009,Debit,Amazon,Kolkata,Web,0,0
957,2599.4,15422,Debit,Amazon,Bangalore,Web,0,0
958,244.36,42468,Credit,Paytm,Chennai,Android,0,0
959,839.75,32371,Credit,Swiggy,Kolkata,Web,0,0
960,3692.79,57022,Debit,Myntra,Mumbai,Android,0,0
961,423.17,71229,Debit,Swiggy,Delhi,Web,0,0
962,3019.73,51196,Credit,Myntra,Delhi,iOS,0,0
963,1234.29,80354,Debit,Paytm,Mumbai,Android,0,0
964,1952.59,26715,Debit,Amazon,Mumbai,Android,0,0
965,1450.58,27605,Debit,Amazon,Kolkata,Android,0,0
966,1784.81,31174,Debit,Swiggy,Mumbai,Web,0,0
967,3598.04,9956,Debit,Amazon,Chennai,iOS,0,0
968,1492.64,76373,Debit,Paytm,Bangalore,Android,0,0
969,2836.36,69252,Credit,Swiggy,Mumbai,Android,0,0
970,2385.49,61949,Debit,Myntra,Mumbai,Android,0,0
971,3321.72,62646,Debit,Amazon,Chennai,Android,0,0
972,4684.78,70017,Credit,Flipkart,Delhi,iOS,0,0
973,3665.53,63037,Credit,Amazon,Delhi,Web,0,0
974,1082.55,6548,Credit,Myntra,Kolkata,iOS,1,0
975,165.6,73294,Debit,Swiggy,Chennai,Android,0,0
976,1318.7,23177,Credit,Myntra,Bangalore,iOS,0,0
977,2979.44,24022,Debit,Flipkart,Bangalore,Android,0,0
978,266.61,5542,Debit,Paytm,Chennai,Web,0,0
979,2486.87,60428,Debit,Amazon,Bangalore,Web,0,0
980,2988.25,22740,Credit,Swiggy,Delhi,Web,0,0
981,1677.88,59353,Credit,Paytm,Bangalore,Android,0,1
982,3856.85,56532,Credit,Myntra,Bangalore,iOS,0,0
983,541.93,16052,Credit,Swiggy,Chennai,Web,0,0
984,384.94,47076,Credit,Paytm,Chennai,Android,0,0
985,3643.66,53420,Debit,Swiggy,Bangalore,Android,0,0
986,2482.5,671,Debit,Flipkart,Mumbai,iOS,0,0
987,3445.13,163,Debit,Flipkart,Chennai,Web,0,0
988,2179.79,41424,Debit,Amazon,Kolkata,Android,0,1
989,1239.55,53744,Credit,Amazon,Kolkata,iOS,0,0
990,4097.32,70331,Credit,Flipkart,Delhi,Web,0,0
991,3999.09,10634,Debit,Swiggy,Bangalore,iOS,0,0
992,3476.54,4798,Credit,Flipkart,Mumbai,iOS,0,0
993,1368.0,22420,Credit,Amazon,Delhi,Android,0,0
994,2955.25,29300,Debit,Flipkart,Bangalore,Android,0,0
995,1811.26,10749,Debit,Flipkart,Chennai,Android,0,0
996,466.99,25121,Credit,Swiggy,Kolkata,iOS,0,0
997,4587.39,37487,Credit,Paytm,Mumbai,Android,0,0
998,692.72,33361,Debit,Amazon,Kolkata,iOS,0,0
999,4751.68,21223,Debit,Swiggy,Chennai,iOS,0,0
1000,2235.57,72930,Debit,Flipkart,Bangalore,Android,0,0
